Workbook

Sheet README
A1: Workout Splits Database
B2: Seven evidence-based training splits, normalized for direct import into a workout application.
A4: SHEET | B4: CONTENTS
A5: README | B5: This page. Schema, relationships, and stated assumptions.
A6: splits_overview | B6: One row per split. Primary key: split_id. The parent table.
A7: workout_days | B7: One row per training day. Primary key: workout_id. Foreign key: split_id.
A8: exercises_master | B8: One row per programmed exercise instance. Primary key: exercise_instance_id. Foreign key: workout_id (and split_id, denormalized for query convenience).
A9: exercise_library | B9: Deduplicated catalogue of every distinct exercise. Primary key: exercise_key. Use this to build the app's exercise picker and swap UI.
A10: weekly_volume_audit | B10: Calculated. Weekly direct set volume per muscle group per split, checked against MEV/MAV landmarks. Live formulas - edits to exercises_master flow through here.
A11: movement_patterns | B11: Reference table of the movement patterns used, with plane of motion and programming notes.
A12: progression_rules | B12: How to advance load and volume, when to deload, and how to substitute exercises.
A13: rpe_reference | B13: RPE-to-reps-in-reserve translation. Needed to interpret the target_rpe column.
A15: RELATIONSHIPS
A16: Join path | B16: splits_overview.split_id -> workout_days.split_id -> workout_days.workout_id -> exercises_master.workout_id
A17: Exercise catalogue | B17: exercises_master.exercise_name -> exercise_library.exercise_name (many-to-one). exercise_library is the canonical definition; exercises_master rows are prescriptions of it.
A18: Ordering | B18: Sort workout_days by day_order within a split, and exercises_master by exercise_order within a workout_id. Neither is guaranteed by row order.
A20: ASSUMPTIONS AND CONVENTIONS
A21: working_sets | B21: Working sets only. Warm-up and ramping sets are excluded everywhere, including the volume audit. See progression_rules PROG_09 for the ramping protocol.
A22: tempo | B22: Four digits: eccentric - bottom pause - concentric - top pause, in seconds. '3-1-1-0' means a 3-second lowering, 1-second pause at the bottom, 1-second lift, no pause at the top. Isometric holds are labelled 'Isometric' and prescribed in seconds in rep_range.
A23: target_rpe | B23: Rate of perceived exertion on the 6-10 scale, where 10 is momentary muscular failure. Translation table on the rpe_reference sheet.
A24: rest_seconds | B24: Rest between working sets of the same exercise. Longer rests are assigned to heavier compound work because incomplete recovery blunts load, not effort.
A25: rep_range | B25: Where a range reads '8-10 per leg', that is per limb and working_sets counts a completed set on both limbs as one set.
A26: alternative_1 / _2 | B26: Matched-pattern substitutes, ordered from closest match to most equipment-flexible. Generally the second alternative needs less specialized equipment than the first.
A27: muscle_group | B27: A coarse rollup of target_muscle_primary used for volume accounting. Added to make the audit sheet possible; target_muscle_primary is the precise field.
A28: split_id in exercises_master | B28: Denormalized from workout_days on purpose, so volume queries do not require a join. If you edit workout_days.split_id, update it here too.
A29: Volume landmarks | B29: MEV and MAV values on the audit sheet are hardcoded population averages adapted from the Renaissance Periodization volume-landmark framework (Israetel et al.), shown in blue. They are a starting point for an individual, not a prescription.
A30: Indirect volume | B30: The audit counts direct sets only. Secondary movers - triceps during pressing, biceps during rowing, erectors during hinging - receive real stimulus that the audit does not capture, so arm and erector numbers read low by design.
A31: Scope | B31: General population resistance training for healthy adults. Nothing here is medical advice or a rehabilitation protocol. Anyone with a current injury, a relevant medical condition, or who is pregnant should get individual clearance before running any of it.
A33: HOW TO CHOOSE A SPLIT
A34: 3 days available | B34: SPLIT_FB. Full body three times a week beats any body-part split at that frequency.
A35: 4 days available | B35: SPLIT_UL as the default. SPLIT_ANTPOST if lower-back fatigue is the limiter, SPLIT_AESTHETIC if the goal is appearance over performance.
A36: 5 days available | B36: SPLIT_HYBRID. Keeps PPL's structure while restoring twice-weekly frequency.
A37: 6 days available | B37: SPLIT_PPL. SPLIT_ARNOLD only with an established base - its per-session volume is the highest here.
A38: Adherence beats optimization | B38: Any split run consistently for twelve weeks outperforms a better split run erratically. Pick the one that fits the actual schedule, not the ideal one.

Sheet splits_overview
A1: split_id | B1: split_name | C1: experience_level | D1: days_per_week | E1: primary_goal | F1: recommended_schedule | G1: description | H1: rotations_per_week | I1: est_session_minutes | J1: deload_every_weeks | K1: best_for
A2: SPLIT_PPL | B2: Classic Push/Pull/Legs | C2: Intermediate | D2: 6 | E2: Hypertrophy | F2: Push A - Pull A - Legs A - Push B - Pull B - Legs B - Rest | G2: Organizes training by shared joint action so the triceps and delts are not re-fatigued the day after pressing. The six days are all distinct sessions: A days and B days rotate emphasis, so one rotation covers a full week at twice-weekly frequency per muscle. | H2: 1 | I2: 70 | J2: 6 | K2: Lifters with 1+ years of consistent training who can reliably get to the gym 5-6 days a week.
A3: SPLIT_ARNOLD | B3: Arnold Split (Chest/Back, Shoulders/Arms, Legs) | C3: Advanced | D3: 6 | E3: Hypertrophy | F3: Chest+Back - Shoulders+Arms - Legs - Chest+Back - Shoulders+Arms - Legs - Rest | G3: Pairs antagonist muscle groups in the same session, which allows supersetting and produces a large local pump. High per-session volume makes this the most recovery-demanding split here. | H3: 2 | I3: 85 | J3: 4 | K3: Advanced lifters with well-established work capacity and time for 80+ minute sessions.
A4: SPLIT_UL | B4: Upper / Lower (4-Day) | C4: Beginner | D4: 4 | E4: Strength | F4: Upper A - Lower A - Rest - Upper B - Lower B - Rest - Rest | G4: Trains each half of the body twice weekly, with the A sessions biased toward heavy compound strength work and the B sessions toward higher-rep hypertrophy. The best evidence-supported ratio of results to time invested. | H4: 1 | I4: 65 | J4: 6 | K4: Almost everyone. The default recommendation for beginners through early-advanced lifters.
A5: SPLIT_ANTPOST | B5: Anterior / Posterior Chain | C5: Intermediate | D5: 4 | E5: Strength | F5: Anterior A - Posterior A - Rest - Anterior B - Posterior B - Rest - Rest | G5: Divides the body by chain rather than by push/pull: quads, chest and front delts on anterior days, hamstrings, glutes, back and rear delts on posterior days. Concentrates hinge and pull fatigue into the same sessions, which protects the lower back. | H5: 1 | I5: 70 | J5: 6 | K5: Athletes and lifters who want structural balance, and anyone whose lower back gets beaten up by squatting and deadlifting in one session.
A6: SPLIT_FB | B6: Full Body (3-Day) | C6: Beginner | D6: 3 | E6: General Fitness | F6: Full Body A - Rest - Full Body B - Rest - Full Body C - Rest - Rest | G6: Every major movement pattern in every session, at three sessions per week. Highest frequency per muscle and the most forgiving structure if a session gets missed. | H6: 1 | I6: 60 | J6: 8 | K6: Beginners, anyone returning after a layoff, and time-constrained lifters training three days a week.
A7: SPLIT_HYBRID | B7: Hybrid PPL + Upper/Lower (5-Day) | C7: Intermediate | D7: 5 | E7: Hypertrophy | F7: Push - Pull - Legs - Rest - Upper - Lower - Rest | G7: Front-loads the week with a full push/pull/legs rotation, then adds an upper and a lower session to push each muscle group back toward twice-weekly frequency. Solves the main weakness of a 3-day PPL without demanding six training days. | H7: 1 | I7: 70 | J7: 6 | K7: Lifters who can train five days a week and want PPL's structure with better weekly frequency.
A8: SPLIT_AESTHETIC | B8: Aesthetics Split (Push / Pull / Legs / Shoulders+Back) | C8: Intermediate | D8: 4 | E8: Hypertrophy | F8: Push - Pull - Legs - Rest - Shoulders+Back - Rest - Rest | G8: A four-day rotation with a dedicated fourth day for side delts, rear delts and lat width. Deliberately biased toward the muscles that create shoulder-to-waist taper rather than toward balanced whole-body development. | H8: 1 | I8: 70 | J8: 6 | K8: Lifters training for appearance rather than performance, who already have a base of general strength.

Sheet workout_days
A1: workout_id | B1: split_id | C1: day_name | D1: day_order | E1: warmup_notes | F1: session_focus | G1: est_session_minutes | H1: optional_finisher
A2: PPL_PUSH_A | B2: SPLIT_PPL | C2: Push Day A (Chest Focus) | D2: 1 | E2: 5 min bike or rower. Band pull-aparts 2x20, shoulder dislocates 2x10, scap push-ups 2x10. Ramp the bench with the empty bar, then 3 ascending sets to your first working load. | F2: Heavy horizontal pressing | G2: 70 | H2: Cable fly drop set, 1 set of 15-12-10
A3: PPL_PULL_A | B3: SPLIT_PPL | C3: Pull Day A (Back Thickness) | D3: 2 | E3: 5 min rower. Dead hangs 2x20 sec, band pull-aparts 2x20, prone Y-raises 2x12. Two ramping sets on the row before working weight. | F3: Horizontal pulling and mid-back thickness | G3: 70 | H3: Dead hang for max time, 2 attempts
A4: PPL_LEGS_A | B4: SPLIT_PPL | C4: Leg Day A (Quad Focus) | D4: 3 | E4: 5 min bike. Leg swings 10 per direction, bodyweight squats 2x15, couch stretch 45 sec per side, glute bridges 2x15. Ramp the squat in 3 ascending sets. | F4: Squat pattern and quadriceps | G4: 75 | H4: Leg extension myo-reps, 1 set
A5: PPL_PUSH_B | B5: SPLIT_PPL | C5: Push Day B (Shoulder Focus) | D5: 4 | E5: 5 min bike. Band pull-aparts 2x20, external rotations 2x15 per side, scap push-ups 2x10. Two ramping sets on the overhead press. | F5: Vertical pressing and lateral deltoid | G5: 70 | H5: Lateral raise drop set, 1 set of 20-15-15
A6: PPL_PULL_B | B6: SPLIT_PPL | C6: Pull Day B (Back Width) | D6: 5 | E6: 5 min rower. Dead hangs 2x20 sec, band pull-aparts 2x20, cable straight-arm pulldowns 2x15 light as activation. | F6: Vertical pulling and lat width | G6: 70 | H6: Straight-arm pulldown, 1 set of 25
A7: PPL_LEGS_B | B7: SPLIT_PPL | C7: Leg Day B (Posterior Chain) | D7: 6 | E7: 5 min bike. Hip airplanes 5 per side, glute bridges 2x15, cat-cow 10 reps, light RDL 2x10 with the empty bar before pulling. | F7: Hip hinge, glutes and hamstrings | G7: 75 | H7: Weighted plank, 3 x 30 sec
A8: ARNOLD_CHEST_BACK | B8: SPLIT_ARNOLD | C8: Chest + Back | D8: 1 | E8: 5 min rower. Band pull-aparts 2x20, scap push-ups 2x10, dead hangs 2x20 sec. Ramp both the bench and the pull-up before the first superset. | F8: Antagonist supersets, chest and back | G8: 85 | H8: Dumbbell pullover, 1 set of 20
A9: ARNOLD_SHOULDERS_ARMS | B9: SPLIT_ARNOLD | C9: Shoulders + Arms | D9: 2 | E9: 5 min bike. External rotations 2x15 per side, band pull-aparts 2x20, light lateral raises 2x20 as activation. | F9: Deltoids and direct arm work | G9: 80 | H9: Alternating curl-to-pushdown superset, 2 rounds of 15
A10: ARNOLD_LEGS | B10: SPLIT_ARNOLD | C10: Legs | D10: 3 | E10: 5 min bike. Leg swings 10 per direction, bodyweight squats 2x15, ankle rocks 10 per side, couch stretch 45 sec per side. Squat ramp: bar x10, then 4 ascending sets. | F10: High-volume lower body | G10: 85 | H10: Leg press drop set, 1 set of 20-15-15
A11: UL_UPPER_A | B11: SPLIT_UL | C11: Upper A (Strength Emphasis) | D11: 1 | E11: 5 min rower. Band pull-aparts 2x20, scap push-ups 2x10, dead hangs 2x20 sec. Bench ramp: bar x10, then 3 ascending singles-to-triples to working weight. | F11: Heavy upper body compounds | G11: 65
A12: UL_LOWER_A | B12: SPLIT_UL | C12: Lower A (Strength Emphasis) | D12: 2 | E12: 5 min bike. Leg swings 10 per direction, bodyweight squats 2x15, glute bridges 2x15. Squat ramp: bar x10, then 3 ascending sets. | F12: Heavy squat and hinge | G12: 65
A13: UL_UPPER_B | B13: SPLIT_UL | C13: Upper B (Hypertrophy Emphasis) | D13: 3 | E13: 5 min bike. Band pull-aparts 2x20, external rotations 2x15 per side, light incline press 2x12 as a feeler set. | F13: Higher-rep upper body volume | G13: 65 | H13: Lateral raise myo-reps, 1 set
A14: UL_LOWER_B | B14: SPLIT_UL | C14: Lower B (Hypertrophy Emphasis) | D14: 4 | E14: 5 min bike. Glute bridges 2x15, leg swings 10 per direction, light leg curls 2x15 as activation. | F14: Higher-rep lower body volume, glute bias | G14: 65 | H14: Seated calf raise, 1 set of 25
A15: AP_ANTERIOR_A | B15: SPLIT_ANTPOST | C15: Anterior Chain A (Quads / Chest / Front Delts) | D15: 1 | E15: 5 min bike. Leg swings 10 per direction, bodyweight squats 2x15, band pull-aparts 2x20, scap push-ups 2x10. Ramp both the squat and the bench. | F15: Front-chain strength | G15: 70
A16: AP_POSTERIOR_A | B16: SPLIT_ANTPOST | C16: Posterior Chain A (Hams / Glutes / Back) | D16: 2 | E16: 5 min rower. Cat-cow 10 reps, glute bridges 2x15, hip airplanes 5 per side, dead hangs 2x20 sec. Deadlift ramp: 4 ascending sets from the empty bar. | F16: Back-chain strength and pulling | G16: 75 | H16: 45-degree back extension, 1 set of 20
A17: AP_ANTERIOR_B | B17: SPLIT_ANTPOST | C17: Anterior Chain B (Quad Hypertrophy / Upper Push) | D17: 3 | E17: 5 min bike. Ankle rocks 10 per side, front rack mobility 2x30 sec, bodyweight squats 2x15, band pull-aparts 2x20. | F17: Front-chain hypertrophy and unilateral work | G17: 70 | H17: Leg extension drop set, 1 set of 20-15-15
A18: AP_POSTERIOR_B | B18: SPLIT_ANTPOST | C18: Posterior Chain B (Glute / Hamstring Hypertrophy) | D18: 4 | E18: 5 min rower. Glute bridges 2x15, hip airplanes 5 per side, light RDL 2x10 with the empty bar, band pull-aparts 2x20. | F18: Back-chain hypertrophy, glute bias | G18: 70 | H18: Face pull, 1 set of 30
A19: FB_DAY_A | B19: SPLIT_FB | C19: Full Body A (Squat + Press Emphasis) | D19: 1 | E19: 5 min bike. Leg swings 10 per direction, bodyweight squats 2x15, band pull-aparts 2x20, scap push-ups 2x10. Ramp both the squat and the bench with 2-3 ascending sets each. | F19: Squat and horizontal press | G19: 60
A20: FB_DAY_B | B20: SPLIT_FB | C20: Full Body B (Hinge + Pull Emphasis) | D20: 2 | E20: 5 min rower. Cat-cow 10 reps, glute bridges 2x15, dead hangs 2x20 sec, light trap bar pulls 2x8 before loading. | F20: Hinge and vertical pull | G20: 60
A21: FB_DAY_C | B21: SPLIT_FB | C21: Full Body C (Unilateral + Hypertrophy) | D21: 3 | E21: 5 min bike. Hip airplanes 5 per side, couch stretch 45 sec per side, split squat 2x10 bodyweight per leg, band pull-aparts 2x20. | F21: Unilateral lower body and higher-rep upper | G21: 60 | H21: Hanging leg raise, 1 set to failure
A22: HYB_PUSH | B22: SPLIT_HYBRID | C22: Push | D22: 1 | E22: 5 min bike. Band pull-aparts 2x20, scap push-ups 2x10, external rotations 2x15 per side. Bench ramp: bar x10, then 3 ascending sets. | F22: Heavy pressing, chest and delts | G22: 70
A23: HYB_PULL | B23: SPLIT_HYBRID | C23: Pull | D23: 2 | E23: 5 min rower. Dead hangs 2x20 sec, band pull-aparts 2x20, prone Y-raises 2x12. | F23: Vertical and horizontal pulling, biceps | G23: 70
A24: HYB_LEGS | B24: SPLIT_HYBRID | C24: Legs | D24: 3 | E24: 5 min bike. Leg swings 10 per direction, bodyweight squats 2x15, couch stretch 45 sec per side. Squat ramp: 3 ascending sets. | F24: Squat-led lower body | G24: 70
A25: HYB_UPPER | B25: SPLIT_HYBRID | C25: Upper (Second Exposure) | D25: 4 | E25: 5 min rower. Band pull-aparts 2x20, scap push-ups 2x10, light incline press 2x12 as a feeler set. | F25: Second weekly upper-body exposure, hypertrophy bias | G25: 70 | H25: Lateral raise drop set, 1 set of 20-15-15
A26: HYB_LOWER | B26: SPLIT_HYBRID | C26: Lower (Second Exposure) | D26: 5 | E26: 5 min bike. Glute bridges 2x15, leg swings 10 per direction, light leg curls 2x15 as activation. | F26: Second weekly lower-body exposure, glute and hamstring bias | G26: 70 | H26: Seated calf raise, 1 set of 25
A27: AES_PUSH | B27: SPLIT_AESTHETIC | C27: Push (Chest + Triceps) | D27: 1 | E27: 5 min bike. Band pull-aparts 2x20, scap push-ups 2x10, light incline press 2x12 as a feeler set. | F27: Upper chest priority and triceps | G27: 70 | H27: Cable fly drop set, 1 set of 15-12-10
A28: AES_PULL | B28: SPLIT_AESTHETIC | C28: Pull (Lats + Biceps) | D28: 2 | E28: 5 min rower. Dead hangs 2x20 sec, band pull-aparts 2x20, straight-arm pulldowns 2x15 light as activation. | F28: Lat width and biceps | G28: 70 | H28: Bayesian cable curl, 1 set of 20
A29: AES_LEGS | B29: SPLIT_AESTHETIC | C29: Legs | D29: 3 | E29: 5 min bike. Leg swings 10 per direction, bodyweight squats 2x15, glute bridges 2x15, ankle rocks 10 per side. | F29: Machine-led lower body hypertrophy | G29: 70 | H29: Leg extension myo-reps, 1 set
A30: AES_SHOULDERS_BACK | B30: SPLIT_AESTHETIC | C30: Shoulders + Back (V-Taper Day) | D30: 4 | E30: 5 min rower. External rotations 2x15 per side, band pull-aparts 2x20, light lateral raises 2x20, dead hangs 2x20 sec. | F30: Side delts, rear delts and lat width | G30: 70 | H30: Machine lateral raise myo-reps, 1 set

Sheet exercises_master
A1: exercise_instance_id | B1: workout_id | C1: exercise_order | D1: exercise_name | E1: target_muscle_primary | F1: target_muscle_secondary | G1: equipment | H1: working_sets | I1: rep_range | J1: target_rpe | K1: rest_seconds | L1: tempo | M1: coaching_cues | N1: split_id | O1: movement_pattern | P1: muscle_group | Q1: is_compound | R1: is_unilateral | S1: alternative_1 | T1: alternative_1_equipment | U1: alternative_2 | V1: alternative_2_equipment
A2: 1001 | B2: PPL_PUSH_A | C2: 1 | D2: Barbell Bench Press | E2: Sternal Pectoralis Major | F2: Anterior Deltoid; Triceps Brachii | G2: Barbell | H2: 4 | I2: 5-7 | J2: 8 | K2: 180 | L2: 3-1-1-0 | M2: Brace 360 degrees, tuck elbows ~45 deg, touch at nipple line and drive the bar back over the shoulder. | N2: SPLIT_PPL | O2: Horizontal Push | P2: Chest | Q2: TRUE | R2: FALSE | S2: Dumbbell Bench Press | T2: Dumbbell | U2: Machine Chest Press | V2: Machine
A3: 1002 | B3: PPL_PUSH_A | C3: 2 | D3: Standing Barbell Overhead Press | E3: Anterior Deltoid | F3: Lateral Deltoid; Triceps Brachii | G3: Barbell | H3: 3 | I3: 6-8 | J3: 8 | K3: 150 | L3: 2-0-1-0 | M3: Squeeze the glutes to lock the ribcage down; finish with the head through the window. | N3: SPLIT_PPL | O3: Vertical Push | P3: Shoulders | Q3: TRUE | R3: FALSE | S3: Seated Dumbbell Shoulder Press | T3: Dumbbell | U3: Machine Shoulder Press | V3: Machine
A4: 1003 | B4: PPL_PUSH_A | C4: 3 | D4: Incline Dumbbell Press | E4: Clavicular Pectoralis Major | F4: Anterior Deltoid; Triceps Brachii | G4: Dumbbell | H4: 3 | I4: 8-12 | J4: 8.5 | K4: 120 | L4: 3-1-1-0 | M4: Lower to ear level for a deep stretch; stop short of locking out to keep tension on the pec. | N4: SPLIT_PPL | O4: Incline Push | P4: Chest | Q4: TRUE | R4: FALSE | S4: Incline Barbell Bench Press | T4: Barbell | U4: Incline Machine Press | V4: Machine
A5: 1004 | B5: PPL_PUSH_A | C5: 4 | D5: Cable Lateral Raise | E5: Lateral Deltoid | F5: Supraspinatus | G5: Cable | H5: 3 | I5: 12-15 | J5: 9 | K5: 75 | L5: 2-0-1-1 | M5: Cable keeps tension at the bottom where dumbbells lose it — start from behind the hip. | N5: SPLIT_PPL | O5: Shoulder Abduction | P5: Shoulders | Q5: FALSE | R5: TRUE | S5: Dumbbell Lateral Raise | T5: Dumbbell | U5: Machine Lateral Raise | V5: Machine
A6: 1005 | B6: PPL_PUSH_A | C6: 5 | D6: Overhead Cable Triceps Extension | E6: Triceps Brachii (Long Head) | F6: Triceps Lateral Head | G6: Cable | H6: 3 | I6: 10-12 | J6: 9 | K6: 75 | L6: 3-1-1-0 | M6: Elbows pinned and high — the overhead position is what loads the long head, so chase the stretch. | N6: SPLIT_PPL | O6: Elbow Extension (Overhead) | P6: Triceps | Q6: FALSE | R6: FALSE | S6: Dumbbell Overhead Extension | T6: Dumbbell | U6: EZ-Bar Skullcrusher | V6: Barbell
A7: 1006 | B7: PPL_PUSH_A | C7: 6 | D7: Deficit Push-Up | E7: Sternal Pectoralis Major | F7: Triceps Brachii; Serratus Anterior | G7: Bodyweight | H7: 2 | I7: AMRAP (8-20) | J7: 9.5 | K7: 60 | L7: 2-1-1-0 | M7: Finisher — stop two reps shy of true failure, not at it. | N7: SPLIT_PPL | O7: Horizontal Push | P7: Chest | Q7: TRUE | R7: FALSE | S7: Push-Up | T7: Bodyweight | U7: Machine Chest Press | V7: Machine
A8: 1007 | B8: PPL_PULL_A | C8: 1 | D8: Barbell Bent-Over Row | E8: Latissimus Dorsi | F8: Rhomboids; Posterior Deltoid; Biceps Brachii | G8: Barbell | H8: 4 | I8: 6-8 | J8: 8 | K8: 150 | L8: 2-1-1-0 | M8: Torso at ~45 deg, pull to the navel, and do not add torso English to finish the rep. | N8: SPLIT_PPL | O8: Horizontal Pull | P8: Back | Q8: TRUE | R8: FALSE | S8: Chest-Supported T-Bar Row | T8: Machine | U8: Single-Arm Dumbbell Row | V8: Dumbbell
A9: 1008 | B9: PPL_PULL_A | C9: 2 | D9: Weighted Pull-Up | E9: Latissimus Dorsi | F9: Teres Major; Biceps Brachii | G9: Bodyweight | H9: 4 | I9: 5-8 | J9: 8.5 | K9: 150 | L9: 3-0-1-0 | M9: Think elbows into the back pockets; reach a full dead hang each rep before pulling. | N9: SPLIT_PPL | O9: Vertical Pull | P9: Back | Q9: TRUE | R9: FALSE | S9: Lat Pulldown | T9: Machine | U9: Assisted Pull-Up | V9: Machine
A10: 1009 | B10: PPL_PULL_A | C10: 3 | D10: Seated Cable Row (Neutral Grip) | E10: Mid-Trapezius | F10: Rhomboids; Latissimus Dorsi | G10: Cable | H10: 3 | I10: 10-12 | J10: 8.5 | K10: 120 | L10: 2-1-1-0 | M10: Allow scapular protraction on the stretch, then retract — do not lock the torso rigid. | N10: SPLIT_PPL | O10: Horizontal Pull | P10: Back | Q10: TRUE | R10: FALSE | S10: Chest-Supported T-Bar Row | T10: Machine | U10: Single-Arm Dumbbell Row | V10: Dumbbell
A11: 1010 | B11: PPL_PULL_A | C11: 4 | D11: Cable Face Pull | E11: Posterior Deltoid | F11: External Rotators; Mid-Trapezius | G11: Cable | H11: 3 | I11: 15-20 | J11: 9 | K11: 60 | L11: 2-0-1-1 | M11: Pull to the forehead and externally rotate so the thumbs finish pointing behind you. | N11: SPLIT_PPL | O11: Horizontal Abduction | P11: Shoulders | Q11: FALSE | R11: FALSE | S11: Reverse Pec Deck | T11: Machine | U11: Band Pull-Apart | V11: Bodyweight
A12: 1011 | B12: PPL_PULL_A | C12: 5 | D12: Straight-Arm Cable Pulldown | E12: Latissimus Dorsi | F12: Long Head Triceps; Teres Major | G12: Cable | H12: 3 | I12: 12-15 | J12: 9 | K12: 75 | L12: 2-0-1-1 | M12: Hinge slightly and keep the elbows locked — push the bar down and back toward the hips. | N12: SPLIT_PPL | O12: Shoulder Extension | P12: Back | Q12: FALSE | R12: FALSE | S12: Dumbbell Pullover | T12: Dumbbell | U12: Cable Lat Prayer | V12: Cable
A13: 1012 | B13: PPL_PULL_A | C13: 6 | D13: Incline Dumbbell Curl | E13: Biceps Brachii (Long Head) | F13: Brachialis | G13: Dumbbell | H13: 3 | I13: 10-12 | J13: 9 | K13: 75 | L13: 3-0-1-0 | M13: Shoulders pinned to the pad — if the elbow drifts forward you have lost the stretch position. | N13: SPLIT_PPL | O13: Elbow Flexion (Stretched) | P13: Biceps | Q13: FALSE | R13: FALSE | S13: Bayesian Cable Curl | T13: Cable | U13: EZ-Bar Preacher Curl | V13: Barbell
... A194: 1193 | B194: AES_SHOULDERS_BACK | C194: 7 | D194: Machine Lateral Raise | E194: Lateral Deltoid | F194: Supraspinatus | G194: Machine | H194: 2 | I194: 12-15 | J194: 10 | K194: 60 | L194: 2-0-1-0 | M194: Myo-rep finisher: one all-out set, rest 15 sec, then 3-5 mini-sets to failure. | N194: SPLIT_AESTHETIC | O194: Shoulder Abduction | P194: Shoulders | Q194: FALSE | R194: FALSE | S194: Cable Lateral Raise | T194: Cable | U194: Dumbbell Lateral Raise | V194: Dumbbell

Sheet exercise_library
A1: exercise_key | B1: exercise_name | C1: muscle_group | D1: movement_pattern | E1: target_muscle_primary | F1: target_muscle_secondary | G1: equipment | H1: is_compound | I1: is_unilateral | J1: coaching_cues | K1: alternative_1 | L1: alternative_1_equipment | M1: alternative_2 | N1: alternative_2_equipment | O1: times_programmed
A2: bb_row | B2: Barbell Bent-Over Row | C2: Back | D2: Horizontal Pull | E2: Latissimus Dorsi | F2: Rhomboids; Posterior Deltoid; Biceps Brachii | G2: Barbell | H2: TRUE | I2: FALSE | J2: Torso at ~45 deg, pull to the navel, and do not add torso English to finish the rep. | K2: Chest-Supported T-Bar Row | L2: Machine | M2: Single-Arm Dumbbell Row | N2: Dumbbell | O2: 4
A3: cs_db_row | B3: Chest-Supported Dumbbell Row | C3: Back | D3: Horizontal Pull | E3: Mid-Trapezius | F3: Rhomboids; Latissimus Dorsi | G3: Dumbbell | H3: TRUE | I3: FALSE | J3: Let the shoulder blade travel forward at the bottom, then retract — full scapular range. | K3: Chest-Supported T-Bar Row | L3: Machine | M3: Seated Cable Row | N3: Cable | O3: 3
A4: tbar_row | B4: Chest-Supported T-Bar Row | C4: Back | D4: Horizontal Pull | E4: Mid-Trapezius | F4: Rhomboids; Latissimus Dorsi | G4: Machine | H4: TRUE | I4: FALSE | J4: Chest support removes the lower back as a limiter — take it closer to true failure. | K4: Seated Cable Row | L4: Cable | M4: Chest-Supported Dumbbell Row | N4: Dumbbell | O4: 3
A5: db_pullover | B5: Dumbbell Pullover | C5: Back | D5: Shoulder Extension | E5: Latissimus Dorsi | F5: Sternal Pectoralis; Long Head Triceps | G5: Dumbbell | H5: FALSE | I5: FALSE | J5: Keep the hips low and think ribcage expansion at the stretch — an Arnold-era staple. | K5: Straight-Arm Cable Pulldown | L5: Cable | M5: Machine Pullover | N5: Machine | O5: 1
A6: lat_pulldown | B6: Lat Pulldown (Wide Pronated) | C6: Back | D6: Vertical Pull | E6: Latissimus Dorsi | F6: Teres Major; Biceps Brachii | G6: Machine | H6: TRUE | I6: FALSE | J6: Lean back ~15 deg and drive the elbows down and back, not the hands. | K6: Weighted Pull-Up | L6: Bodyweight | M6: Assisted Pull-Up | N6: Machine | O6: 6
A7: seated_cable_row | B7: Seated Cable Row (Neutral Grip) | C7: Back | D7: Horizontal Pull | E7: Mid-Trapezius | F7: Rhomboids; Latissimus Dorsi | G7: Cable | H7: TRUE | I7: FALSE | J7: Allow scapular protraction on the stretch, then retract — do not lock the torso rigid. | K7: Chest-Supported T-Bar Row | L7: Machine | M7: Single-Arm Dumbbell Row | N7: Dumbbell | O7: 4
A8: sa_lat_pd | B8: Single-Arm Half-Kneeling Lat Pulldown | C8: Back | D8: Vertical Pull | E8: Latissimus Dorsi | F8: Teres Major; Biceps Brachii | G8: Cable | H8: TRUE | I8: TRUE | J8: Unilateral work exposes side-to-side gaps — match the weak side's reps on both sides. | K8: Lat Pulldown | L8: Machine | M8: Single-Arm Dumbbell Row | N8: Dumbbell | O8: 2
A9: straight_arm_pd | B9: Straight-Arm Cable Pulldown | C9: Back | D9: Shoulder Extension | E9: Latissimus Dorsi | F9: Long Head Triceps; Teres Major | G9: Cable | H9: FALSE | I9: FALSE | J9: Hinge slightly and keep the elbows locked — push the bar down and back toward the hips. | K9: Dumbbell Pullover | L9: Dumbbell | M9: Cable Lat Prayer | N9: Cable | O9: 3
A10: weighted_pullup | B10: Weighted Pull-Up | C10: Back | D10: Vertical Pull | E10: Latissimus Dorsi | F10: Teres Major; Biceps Brachii | G10: Bodyweight | H10: TRUE | I10: FALSE | J10: Think elbows into the back pockets; reach a full dead hang each rep before pulling. | K10: Lat Pulldown | L10: Machine | M10: Assisted Pull-Up | N10: Machine | O10: 6
A11: bb_curl | B11: Barbell Curl | C11: Biceps | D11: Elbow Flexion | E11: Biceps Brachii | F11: Brachialis; Brachioradialis | G11: Barbell | H11: FALSE | I11: FALSE | J11: Elbows stay at the ribs; stop the bar before the forearms pass vertical to keep tension. | K11: EZ-Bar Curl | L11: Barbell | M11: Cable Biceps Curl | N11: Cable | O11: 2
A12: cable_curl | B12: Cable Biceps Curl | C12: Biceps | D12: Elbow Flexion | E12: Biceps Brachii | F12: Brachialis | G12: Cable | H12: FALSE | I12: FALSE | J12: Constant tension throughout — ideal as the last biceps movement of a session. | K12: Barbell Curl | L12: Barbell | M12: Dumbbell Curl | N12: Dumbbell | O12: 1
A13: rope_hammer | B13: Cable Rope Hammer Curl | C13: Biceps | D13: Elbow Flexion (Neutral) | E13: Brachialis | F13: Brachioradialis | G13: Cable | H13: FALSE | I13: FALSE | J13: Spread the rope apart at the top to add a hard peak contraction. | K13: Dumbbell Hammer Curl | L13: Dumbbell | M13: Reverse Curl | N13: Barbell | O13: 3
... A57: oh_tri_cable | B57: Overhead Cable Triceps Extension | C57: Triceps | D57: Elbow Extension (Overhead) | E57: Triceps Brachii (Long Head) | F57: Triceps Lateral Head | G57: Cable | H57: FALSE | I57: FALSE | J57: Elbows pinned and high — the overhead position is what loads the long head, so chase the stretch. | K57: Dumbbell Overhead Extension | L57: Dumbbell | M57: EZ-Bar Skullcrusher | N57: Barbell | O57: 4

Sheet weekly_volume_audit
A1: split_id | B1: muscle_group | C1: sets_per_rotation | D1: rotations_per_week | E1: weekly_direct_sets | F1: mev_weekly_sets | G1: mav_weekly_sets | H1: status
A2: SPLIT_PPL | B2: Chest | C2: =SUMIFS(exercises_master!$H:$H,exercises_master!$N:$N,$A2,exercises_master!$P:$P,$B2) -> 18 | D2: =IFERROR(INDEX(splits_overview!$H:$H,MATCH($A2,splits_overview!$A:$A,0)),1) -> 1 | E2: =ROUND($C2*$D2,1) -> 18 | F2: 8 | G2: 20 | H2: =IF($E2=0,"Not directly trained",IF($E2<$F2,"Below MEV - add sets or rely on indirect work",IF($E2<=$G2,"Within MEV-MAV productive range","Above MAV - monitor recovery"))) -> Within MEV-MAV productive range
A3: SPLIT_PPL | B3: Back | C3: =SUMIFS(exercises_master!$H:$H,exercises_master!$N:$N,$A3,exercises_master!$P:$P,$B3) -> 25 | D3: =IFERROR(INDEX(splits_overview!$H:$H,MATCH($A3,splits_overview!$A:$A,0)),1) -> 1 | E3: =ROUND($C3*$D3,1) -> 25 | F3: 10 | G3: 25 | H3: =IF($E3=0,"Not directly trained",IF($E3<$F3,"Below MEV - add sets or rely on indirect work",IF($E3<=$G3,"Within MEV-MAV productive range","Above MAV - monitor recovery"))) -> Within MEV-MAV productive range
A4: SPLIT_PPL | B4: Shoulders | C4: =SUMIFS(exercises_master!$H:$H,exercises_master!$N:$N,$A4,exercises_master!$P:$P,$B4) -> 20 | D4: =IFERROR(INDEX(splits_overview!$H:$H,MATCH($A4,splits_overview!$A:$A,0)),1) -> 1 | E4: =ROUND($C4*$D4,1) -> 20 | F4: 8 | G4: 26 | H4: =IF($E4=0,"Not directly trained",IF($E4<$F4,"Below MEV - add sets or rely on indirect work",IF($E4<=$G4,"Within MEV-MAV productive range","Above MAV - monitor recovery"))) -> Within MEV-MAV productive range
A5: SPLIT_PPL | B5: Traps | C5: =SUMIFS(exercises_master!$H:$H,exercises_master!$N:$N,$A5,exercises_master!$P:$P,$B5) -> 3 | D5: =IFERROR(INDEX(splits_overview!$H:$H,MATCH($A5,splits_overview!$A:$A,0)),1) -> 1 | E5: =ROUND($C5*$D5,1) -> 3 | F5: 4 | G5: 16 | H5: =IF($E5=0,"Not directly trained",IF($E5<$F5,"Below MEV - add sets or rely on indirect work",IF($E5<=$G5,"Within MEV-MAV productive range","Above MAV - monitor recovery"))) -> Below MEV - add sets or rely on indirect work
A6: SPLIT_PPL | B6: Biceps | C6: =SUMIFS(exercises_master!$H:$H,exercises_master!$N:$N,$A6,exercises_master!$P:$P,$B6) -> 10 | D6: =IFERROR(INDEX(splits_overview!$H:$H,MATCH($A6,splits_overview!$A:$A,0)),1) -> 1 | E6: =ROUND($C6*$D6,1) -> 10 | F6: 8 | G6: 20 | H6: =IF($E6=0,"Not directly trained",IF($E6<$F6,"Below MEV - add sets or rely on indirect work",IF($E6<=$G6,"Within MEV-MAV productive range","Above MAV - monitor recovery"))) -> Within MEV-MAV productive range
A7: SPLIT_PPL | B7: Triceps | C7: =SUMIFS(exercises_master!$H:$H,exercises_master!$N:$N,$A7,exercises_master!$P:$P,$B7) -> 6 | D7: =IFERROR(INDEX(splits_overview!$H:$H,MATCH($A7,splits_overview!$A:$A,0)),1) -> 1 | E7: =ROUND($C7*$D7,1) -> 6 | F7: 6 | G7: 18 | H7: =IF($E7=0,"Not directly trained",IF($E7<$F7,"Below MEV - add sets or rely on indirect work",IF($E7<=$G7,"Within MEV-MAV productive range","Above MAV - monitor recovery"))) -> Within MEV-MAV productive range
A8: SPLIT_PPL | B8: Quads | C8: =SUMIFS(exercises_master!$H:$H,exercises_master!$N:$N,$A8,exercises_master!$P:$P,$B8) -> 13 | D8: =IFERROR(INDEX(splits_overview!$H:$H,MATCH($A8,splits_overview!$A:$A,0)),1) -> 1 | E8: =ROUND($C8*$D8,1) -> 13 | F8: 8 | G8: 20 | H8: =IF($E8=0,"Not directly trained",IF($E8<$F8,"Below MEV - add sets or rely on indirect work",IF($E8<=$G8,"Within MEV-MAV productive range","Above MAV - monitor recovery"))) -> Within MEV-MAV productive range
A9: SPLIT_PPL | B9: Hamstrings | C9: =SUMIFS(exercises_master!$H:$H,exercises_master!$N:$N,$A9,exercises_master!$P:$P,$B9) -> 13 | D9: =IFERROR(INDEX(splits_overview!$H:$H,MATCH($A9,splits_overview!$A:$A,0)),1) -> 1 | E9: =ROUND($C9*$D9,1) -> 13 | F9: 6 | G9: 16 | H9: =IF($E9=0,"Not directly trained",IF($E9<$F9,"Below MEV - add sets or rely on indirect work",IF($E9<=$G9,"Within MEV-MAV productive range","Above MAV - monitor recovery"))) -> Within MEV-MAV productive range
A10: SPLIT_PPL | B10: Glutes | C10: =SUMIFS(exercises_master!$H:$H,exercises_master!$N:$N,$A10,exercises_master!$P:$P,$B10) -> 7 | D10: =IFERROR(INDEX(splits_overview!$H:$H,MATCH($A10,splits_overview!$A:$A,0)),1) -> 1 | E10: =ROUND($C10*$D10,1) -> 7 | F10: 4 | G10: 16 | H10: =IF($E10=0,"Not directly trained",IF($E10<$F10,"Below MEV - add sets or rely on indirect work",IF($E10<=$G10,"Within MEV-MAV productive range","Above MAV - monitor recovery"))) -> Within MEV-MAV productive range
A11: SPLIT_PPL | B11: Calves | C11: =SUMIFS(exercises_master!$H:$H,exercises_master!$N:$N,$A11,exercises_master!$P:$P,$B11) -> 8 | D11: =IFERROR(INDEX(splits_overview!$H:$H,MATCH($A11,splits_overview!$A:$A,0)),1) -> 1 | E11: =ROUND($C11*$D11,1) -> 8 | F11: 8 | G11: 20 | H11: =IF($E11=0,"Not directly trained",IF($E11<$F11,"Below MEV - add sets or rely on indirect work",IF($E11<=$G11,"Within MEV-MAV productive range","Above MAV - monitor recovery"))) -> Within MEV-MAV productive range
A12: SPLIT_PPL | B12: Core | C12: =SUMIFS(exercises_master!$H:$H,exercises_master!$N:$N,$A12,exercises_master!$P:$P,$B12) -> 3 | D12: =IFERROR(INDEX(splits_overview!$H:$H,MATCH($A12,splits_overview!$A:$A,0)),1) -> 1 | E12: =ROUND($C12*$D12,1) -> 3 | F12: 6 | G12: 20 | H12: =IF($E12=0,"Not directly trained",IF($E12<$F12,"Below MEV - add sets or rely on indirect work",IF($E12<=$G12,"Within MEV-MAV productive range","Above MAV - monitor recovery"))) -> Below MEV - add sets or rely on indirect work
A13: SPLIT_ARNOLD | B13: Chest | C13: =SUMIFS(exercises_master!$H:$H,exercises_master!$N:$N,$A13,exercises_master!$P:$P,$B13) -> 11 | D13: =IFERROR(INDEX(splits_overview!$H:$H,MATCH($A13,splits_overview!$A:$A,0)),1) -> 2 | E13: =ROUND($C13*$D13,1) -> 22 | F13: 8 | G13: 20 | H13: =IF($E13=0,"Not directly trained",IF($E13<$F13,"Below MEV - add sets or rely on indirect work",IF($E13<=$G13,"Within MEV-MAV productive range","Above MAV - monitor recovery"))) -> Above MAV - monitor recovery
... A78: SPLIT_AESTHETIC | B78: Core | C78: =SUMIFS(exercises_master!$H:$H,exercises_master!$N:$N,$A78,exercises_master!$P:$P,$B78) -> 3 | D78: =IFERROR(INDEX(splits_overview!$H:$H,MATCH($A78,splits_overview!$A:$A,0)),1) -> 1 | E78: =ROUND($C78*$D78,1) -> 3 | F78: 6 | G78: 20 | H78: =IF($E78=0,"Not directly trained",IF($E78<$F78,"Below MEV - add sets or rely on indirect work",IF($E78<=$G78,"Within MEV-MAV productive range","Above MAV - monitor recovery"))) -> Below MEV - add sets or rely on indirect work
A80: Direct sets only: an exercise contributes its full working sets to its primary muscle_group and nothing to secondary movers. Real stimulus to secondary movers (e.g. triceps on bench, biceps on rows) is therefore understated by roughly one third to one half.
A81: MEV / MAV landmarks (blue cells) are hardcoded assumptions adapted from the Renaissance Periodization volume-landmark framework (Israetel et al.). They are population averages, not individual prescriptions - edit them per athlete.
A82: sets_per_rotation sums one complete pass through the split. weekly_direct_sets multiplies that by rotations_per_week from splits_overview column H.

Sheet movement_patterns
A1: movement_pattern | B1: plane_of_motion | C1: muscle_groups_trained | D1: exercises_in_library | E1: pattern_notes
A2: Ankle Plantarflexion | B2: Sagittal | C2: Calves | D2: 2 | E2: Gastrocnemius when the knee is straight, soleus when bent. Both are needed.
A3: Anti-Extension | B3: Sagittal | C3: Core | D3: 2 | E3: Trains the core to resist extension - the more transferable of the two core roles.
A4: Decline Push | B4: Transverse/Sagittal | C4: Chest | D4: 1 | E4: Costal pec emphasis. Dips are the main expression of this pattern.
A5: Elbow Extension | B5: Sagittal | C5: Triceps | D5: 2 | E5: Lateral and medial triceps heads at mid-range.
A6: Elbow Extension (Overhead) | B6: Sagittal | C6: Triceps | D6: 1 | E6: Long head under stretch. The long head is two thirds of triceps mass.
A7: Elbow Flexion | B7: Sagittal | C7: Biceps | D7: 2 | E7: General biceps work at a mid-range resistance profile.
A8: Elbow Flexion (Neutral) | B8: Sagittal | C8: Biceps | D8: 2 | E8: Brachialis and brachioradialis. Adds arm thickness rather than peak.
A9: Elbow Flexion (Shortened) | B9: Sagittal | C9: Biceps | D9: 1 | E9: Peak-contraction bias. Complements stretched-position work.
A10: Elbow Flexion (Stretched) | B10: Sagittal | C10: Biceps | D10: 1 | E10: Loads the biceps at long muscle length - the highest-return arm variation.
A11: Hip Extension | B11: Sagittal | C11: Glutes | D11: 1 | E11: Glute-dominant with peak tension in the shortened position.
A12: Hip Hinge | B12: Sagittal | C12: Glutes, Hamstrings | D12: 4 | E12: Posterior chain, hamstrings and erectors. Most technically demanding pattern here.
A13: Horizontal Abduction | B13: Transverse | C13: Shoulders | D13: 2 | E13: Rear deltoid and external rotators. Chronically undertrained in most programs.
... A27: Vertical Push | B27: Frontal/Sagittal | C27: Shoulders | D27: 3 | E27: Anterior deltoid driver. Needs adequate overhead shoulder mobility first.

Sheet progression_rules
A1: rule_id | B1: applies_to | C1: scheme_name | D1: rule_detail | E1: trigger_condition | F1: action
A2: PROG_01 | B2: All splits | C2: Double progression | D2: Work within the prescribed rep range. When every working set hits the top of the range at or below the target RPE, add load next session and expect to drop back to the bottom of the range. | E2: Top of rep range hit on all sets | F2: 2.5-5 kg on lower-body compounds, 1-2.5 kg on upper-body compounds, smallest available increment on isolation.
A3: PROG_02 | B3: All splits | C3: RPE-autoregulated load selection | D3: Target RPE is the governing variable, not the number on the bar. If the prescribed load lands 2 points below target RPE, add weight mid-session; if it lands above, strip weight. | E3: Actual RPE deviates from target by 1.5 or more | F3: Adjust load 5-10% in the indicated direction.
A4: PROG_03 | B4: Hypertrophy-goal splits | C4: Set progression across a mesocycle | D4: Start a training block at the lower end of each muscle group's set range and add roughly one set per muscle group per week until the weekly_volume_audit approaches MAV. | E4: Recovery still good and reps not declining week to week | F4: Add 1 set to the last exercise for that muscle group.
A5: PROG_04 | B5: All splits | C5: Deload protocol | D5: On the deload week, keep exercise selection and load identical but cut working sets by half and cap every set at RPE 6. Do not train to failure on any set. | E5: See deload_every_weeks in splits_overview, or earlier if two of the triggers in PROG_05 fire | F5: 50% of normal sets, RPE capped at 6, same loads.
A6: PROG_05 | B6: All splits | C6: Early deload triggers | D6: Deload ahead of schedule when two or more of these are true for a full week: performance drops on the same load, joints ache before sessions, resting heart rate is elevated, sleep quality has fallen off, or motivation to train has dropped sharply. | E6: Two or more triggers present for 7 consecutive days | F6: Run the PROG_04 deload immediately rather than pushing through.
A7: PROG_06 | B7: All splits | C7: Failure proximity by exercise type | D7: Compounds at the start of a session stay 1-3 reps in reserve to protect technique and recovery. Isolation work at the end can be taken to 0-1 RIR, because the systemic fatigue cost is low. | E7: Applies every session | F7: Compounds RPE 7.5-8.5, isolation RPE 9-10.
A8: PROG_07 | B8: Beginner splits (SPLIT_UL, SPLIT_FB) | C8: Linear progression first | D8: Untrained and early-intermediate lifters should add load every session on the main compounds for as long as it keeps working, before switching to double progression. | E8: A session is missed at the target reps twice in a row | F8: Switch that exercise to PROG_01 double progression.
A9: PROG_08 | B9: All splits | C9: Exercise rotation | D9: Rotate any exercise that has stalled for three consecutive sessions to one of its listed alternatives in exercises_master. Keep the movement pattern and rep range identical so the stimulus is preserved. | E9: Three consecutive stalled sessions on the same movement | F9: Swap to alternative_1, or alternative_2 if equipment is unavailable.
A10: PROG_09 | B10: All splits | C10: Warm-up ramping for heavy compounds | D10: Before the first working set of any exercise prescribed below 8 reps, run 3-4 ascending sets of decreasing reps. These are not working sets and do not count toward the volume audit. | E10: Applies to any exercise with a rep range topping out at 8 or fewer | F10: Empty bar x10, 50% x5, 70% x3, 85% x1, then the first working set.
A11: PROG_10 | B11: All splits | C11: Substitution for equipment availability | D11: When a machine or rack is occupied, substitute using the alternative columns rather than skipping or reordering the session. A matched-pattern substitute preserves the training effect; a skipped exercise does not. | E11: Primary equipment unavailable | F11: Use alternative_1, then alternative_2. Log the substitution.

Sheet rpe_reference
A1: target_rpe | B1: reps_in_reserve | C1: how_it_should_feel | D1: typical_use
A2: 10 | B2: 0 | C2: No further reps possible. Load could not be increased. | D2: Isolation work only, and sparingly.
A3: 9.5 | B3: 0-1 | C3: Could not add load; might squeeze one more rep. | D3: Final set of an isolation exercise.
A4: 9 | B4: 1 | C4: One rep left in the tank. | D4: Isolation and machine work.
A5: 8.5 | B5: 1-2 | C5: One certain, possibly two reps left. | D5: Secondary compounds, hypertrophy sets.
A6: 8 | B6: 2 | C6: Two reps left. Bar speed still crisp. | D6: Primary heavy compounds. The most-used target in this database.
A7: 7.5 | B7: 2-3 | C7: Comfortably two, maybe three reps left. | D7: Heavy strength work and the first working set of a compound.
A8: 7 | B8: 3 | C8: Three reps left. Deliberately submaximal. | D8: Technique-focused sets and the back-off sets of a wave.
A9: 6.5 | B9: 4 | C9: Four reps left. Clearly easy. | D9: Deload weeks and warm-up ramping.
A10: 6 | B10: 4+ | C10: Warm-up territory. No meaningful fatigue. | D10: Deload cap and ramp sets.
